plantSp,animalSp,method,total.int,PIE
Arbutus unedo,Alectoris rufa,CAM,3,2.8571e-4
Arbutus unedo,Apodemus/Mus,CAM,2,1.9048e-4
Arbutus unedo,Carduelis carduelis,CAM,1,9.524e-5
Arbutus unedo,Cervus elaphus,CAM,276,0.02628571
Arbutus unedo,Columba palumbus,CAM,4,3.8095e-4
Arbutus unedo,Curruca melanocephala,CAM,5,4.7619e-4
Arbutus unedo,Cyanopica cooki,CAM,8,7.619e-4
Arbutus unedo,Erithacus rubecula,CAM,34,0.0032381
Arbutus unedo,Fringilla coelebs,CAM,59,0.0056190500000000004
Arbutus unedo,Galerida cristata,CAM,1,9.524e-5
Arbutus unedo,Genetta genetta,CAM,118,0.011238100000000001
Arbutus unedo,Herpestes ichneumon,CAM,3,2.8571e-4
Arbutus unedo,Meles meles,CAM,62,0.00590476
Arbutus unedo,Oryctolagus cuniculus,CAM,2,1.9048e-4
Arbutus unedo,Rattus rattus,CAM,2,1.9048e-4
Arbutus unedo,Sus scrofa,CAM,186,0.01771429
Arbutus unedo,Sylvia atricapilla,CAM,9,8.5714e-4
Arbutus unedo,Turdus iliacus,CAM,1,9.524e-5
Arbutus unedo,Turdus merula,CAM,1072,0.10209524
Arbutus unedo,Turdus philomelos,CAM,86,0.00819048
Arbutus unedo,Turdus pilaris,CAM,7,6.6667e-4
Arbutus unedo,Turdus torquatus,CAM,2,1.9048e-4
Arbutus unedo,Turdus viscivorus,CAM,2,1.9048e-4
Arbutus unedo,Vulpes vulpes,CAM,284,0.02704762
Asparagus spp,Alectoris rufa,CAM,3,2.8571e-4
Asparagus spp,Bos taurus,CAM,3,2.8571e-4
Asparagus spp,Cervus elaphus,CAM,100,0.00952381
Asparagus spp,Curruca communis,CAM,45,0.00428571
Asparagus spp,Curruca melanocephala,CAM,522,0.04971429
Asparagus spp,Curruca undata,CAM,25,0.00238095
Asparagus spp,Erithacus rubecula,CAM,7,6.6667e-4
Asparagus spp,Oryctolagus cuniculus,CAM,48,0.00457143
Asparagus spp,Phoenicurus phoenicurus,CAM,2,1.9048e-4
Asparagus spp,Saxicola rubicola,CAM,4,3.8095e-4
Asparagus spp,Sus scrofa,CAM,2,1.9048e-4
Asparagus spp,Sylvia atricapilla,CAM,15,0.00142857
Asparagus spp,Vulpes vulpes,CAM,1,9.524e-5
Chamaerops humilis,Apodemus/Mus,TRACK,19,0.00180952
Chamaerops humilis,Cervus elaphus,TRACK,37,0.00352381
Chamaerops humilis,Meles meles,TRACK,9,8.5714e-4
Chamaerops humilis,Oryctolagus cuniculus,TRACK,23,0.00219048
Chamaerops humilis,Sus scrofa,TRACK,10,9.5238e-4
Corema album,Alectoris rufa,CAM,164,0.01561905
Corema album,Apodemus/Mus,CAM,2,1.9048e-4
Corema album,Bos taurus,CAM,7,6.6667e-4
Corema album,Cervus elaphus,CAM,1,9.524e-5
Corema album,Cyanopica cooki,CAM,99,0.00942857
Corema album,Dama dama,CAM,3,2.8571e-4
Corema album,Equus caballus,CAM,1,9.524e-5
Corema album,Galerida cristata,CAM,1,9.524e-5
Corema album,Lanius senator,CAM,1,9.524e-5
Corema album,Lepus granatensis,CAM,4,3.8095e-4
Corema album,Meles meles,CAM,9,8.5714e-4
Corema album,Oryctolagus cuniculus,CAM,104,0.00990476
Corema album,Phoenicurus phoenicurus,CAM,3,2.8571e-4
Corema album,Saxicola rubicola,CAM,6,5.7143e-4
Corema album,Sturnus unicolor,CAM,4,3.8095e-4
Corema album,Sus scrofa,CAM,233,0.02219048
Corema album,Turdus merula,CAM,12,0.00114286
Corema album,Vulpes vulpes,CAM,2,1.9048e-4
Juniperus macrocarpa,Cervus elaphus,CAM,156,0.01485714
Juniperus macrocarpa,Curruca melanocephala,CAM,1,9.524e-5
Juniperus macrocarpa,Curruca undata,CAM,1,9.524e-5
Juniperus macrocarpa,Dama dama,CAM,2,1.9048e-4
Juniperus macrocarpa,Meles meles,CAM,6,5.7143e-4
Juniperus macrocarpa,Oryctolagus cuniculus,CAM,9,8.5714e-4
Juniperus macrocarpa,Sus scrofa,CAM,57,0.00542857
Juniperus macrocarpa,Turdus merula,CAM,5,4.7619e-4
Juniperus macrocarpa,Vulpes vulpes,CAM,33,0.00314286
Juniperus phoenicea,Anthus pratensis,CAM,1,9.524e-5
Juniperus phoenicea,Apodemus/Mus,CAM,3,2.8571e-4
Juniperus phoenicea,Cervus elaphus,CAM,23,0.00219048
Juniperus phoenicea,Chloris chloris,CAM,66,0.00628571
Juniperus phoenicea,Curruca melanocephala,CAM,2,1.9048e-4
Juniperus phoenicea,Cyanopica cooki,CAM,2,1.9048e-4
Juniperus phoenicea,Erithacus rubecula,CAM,14,0.00133333
Juniperus phoenicea,Galerida cristata,CAM,2,1.9048e-4
Juniperus phoenicea,Herpestes ichneumon,CAM,1,9.524e-5
Juniperus phoenicea,Lanius meridionalis,CAM,1,9.524e-5
Juniperus phoenicea,Oryctolagus cuniculus,CAM,174,0.01657143
Juniperus phoenicea,Sus scrofa,CAM,1,9.524e-5
Juniperus phoenicea,Turdus merula,CAM,18,0.00171429
Juniperus phoenicea,Turdus philomelos,CAM,94,0.00895238
Juniperus phoenicea,Turdus torquatus,CAM,1,9.524e-5
Juniperus phoenicea,Vulpes vulpes,CAM,26,0.00247619
Myrtus communis,Apodemus/Mus,CAM,35,0.00333333
Myrtus communis,Chloris chloris,CAM,11,0.00104762
Myrtus communis,Curruca melanocephala,CAM,9,8.5714e-4
Myrtus communis,Erithacus rubecula,CAM,32,0.00304762
Myrtus communis,Rattus rattus,CAM,11,0.00104762
Myrtus communis,Saxicola rubicola,CAM,1,9.524e-5
Myrtus communis,Sylvia atricapilla,CAM,44,0.00419048
Myrtus communis,Turdus iliacus,CAM,9,8.5714e-4
Myrtus communis,Turdus merula,CAM,76,0.0072381
Myrtus communis,Turdus philomelos,CAM,24,0.00228571
Myrtus communis,Turdus torquatus,CAM,1,9.524e-5
Myrtus communis,Turdus viscivorus,CAM,4,3.8095e-4
Olea europaea,Alectoris rufa,CAM,1,9.524e-5
Olea europaea,Bos taurus,CAM,1,9.524e-5
Olea europaea,Cervus elaphus,CAM,615,0.05857143
Olea europaea,Columba palumbus,CAM,19,0.00180952
Olea europaea,Curruca melanocephala,CAM,11,0.00104762
Olea europaea,Curruca undata,CAM,3,2.8571e-4
Olea europaea,Cyanistes caeruleus,CAM,1,9.524e-5
Olea europaea,Dama dama,CAM,1,9.524e-5
Olea europaea,Erithacus rubecula,CAM,7,6.6667e-4
Olea europaea,Fringilla coelebs,CAM,3,2.8571e-4
Olea europaea,Oryctolagus cuniculus,CAM,2,1.9048e-4
Olea europaea,Parus major,CAM,2,1.9048e-4
Olea europaea,Pica pica,CAM,1,9.524e-5
Olea europaea,Scolopax rusticola,CAM,1,9.524e-5
Olea europaea,Sus scrofa,CAM,270,0.02571429
Olea europaea,Sylvia atricapilla,CAM,9,8.5714e-4
Olea europaea,Turdus iliacus,CAM,1,9.524e-5
Olea europaea,Turdus merula,CAM,5,4.7619e-4
Olea europaea,Turdus philomelos,CAM,14,0.00133333
Olea europaea,Vulpes vulpes,CAM,6,5.7143e-4
Osyris lanceolata,Apodemus/Mus,CAM,1,9.524e-5
Osyris lanceolata,Cervus elaphus,CAM,7,6.6667e-4
Osyris lanceolata,Chloris chloris,CAM,1,9.524e-5
Osyris lanceolata,Curruca melanocephala,CAM,11,0.00104762
Osyris lanceolata,Curruca undata,CAM,24,0.00228571
Osyris lanceolata,Erithacus rubecula,CAM,5,4.7619e-4
Osyris lanceolata,Phoenicurus phoenicurus,CAM,1,9.524e-5
Osyris lanceolata,Sylvia atricapilla,CAM,50,0.0047619
Osyris lanceolata,Turdus torquatus,CAM,2,1.9048e-4
Pistacia lentiscus,Chloris chloris,CAM,116,0.01104762
Pistacia lentiscus,Curruca communis,CAM,16,0.00152381
Pistacia lentiscus,Curruca hortensis,CAM,9,8.5714e-4
Pistacia lentiscus,Curruca melanocephala,CAM,535,0.05095238
Pistacia lentiscus,Curruca undata,CAM,30,0.00285714
Pistacia lentiscus,Cyanistes caeruleus,CAM,2,1.9048e-4
Pistacia lentiscus,Cyanopica cooki,CAM,5,4.7619e-4
Pistacia lentiscus,Erithacus rubecula,CAM,263,0.02504762
Pistacia lentiscus,Ficedula hypoleuca,CAM,2,1.9048e-4
Pistacia lentiscus,Fringilla coelebs,CAM,4,3.8095e-4
Pistacia lentiscus,Lanius meridionalis,CAM,2,1.9048e-4
Pistacia lentiscus,Linaria cannabina,CAM,1,9.524e-5
Pistacia lentiscus,Parus major,CAM,1,9.524e-5
Pistacia lentiscus,Phoenicurus phoenicurus,CAM,31,0.00295238
Pistacia lentiscus,Phylloscopus collybita,CAM,4,3.8095e-4
Pistacia lentiscus,Pyrrhula pyrrhula,CAM,1,9.524e-5
Pistacia lentiscus,Saxicola rubicola,CAM,7,6.6667e-4
Pistacia lentiscus,Sturnus unicolor,CAM,1,9.524e-5
Pistacia lentiscus,Sylvia atricapilla,CAM,56,0.00533333
Pistacia lentiscus,Sylvia borin,CAM,1,9.524e-5
Pistacia lentiscus,Turdus merula,CAM,29,0.0027619
Pistacia lentiscus,Turdus philomelos,CAM,1,9.524e-5
Pyrus bourgaeana,Apodemus/Mus,CAM,3,2.8571e-4
Pyrus bourgaeana,Cervus elaphus,CAM,196,0.01866667
Pyrus bourgaeana,Curruca melanocephala,CAM,1,9.524e-5
Pyrus bourgaeana,Cyanopica cooki,CAM,6,5.7143e-4
Pyrus bourgaeana,Dama dama,CAM,7,6.6667e-4
Pyrus bourgaeana,Erithacus rubecula,CAM,2,1.9048e-4
Pyrus bourgaeana,Fringilla coelebs,CAM,1,9.524e-5
Pyrus bourgaeana,Genetta genetta,CAM,2,1.9048e-4
Pyrus bourgaeana,Meles meles,CAM,10,9.5238e-4
Pyrus bourgaeana,Pica pica,CAM,3,2.8571e-4
Pyrus bourgaeana,Rattus rattus,CAM,14,0.00133333
Pyrus bourgaeana,Sturnus unicolor,CAM,3,2.8571e-4
Pyrus bourgaeana,Sus scrofa,CAM,150,0.01428571
Pyrus bourgaeana,Turdus merula,CAM,2,1.9048e-4
Pyrus bourgaeana,Turdus philomelos,CAM,29,0.0027619
Pyrus bourgaeana,Vulpes vulpes,CAM,377,0.03590476
Rubia peregrina,Cervus elaphus,CAM,1,9.524e-5
Rubia peregrina,Curruca melanocephala,CAM,3,2.8571e-4
Rubia peregrina,Sus scrofa,CAM,1,9.524e-5
Rubus ulmifolius,Acrocephalus scirpaceus,CAM,2,1.9048e-4
Rubus ulmifolius,Apodemus/Mus,CAM,363,0.03457143
Rubus ulmifolius,Cervus elaphus,CAM,111,0.01057143
Rubus ulmifolius,Chloris chloris,CAM,1,9.524e-5
Rubus ulmifolius,Curruca communis,CAM,768,0.07314286
Rubus ulmifolius,Curruca conspicillata,CAM,6,5.7143e-4
Rubus ulmifolius,Curruca hortensis,CAM,6,5.7143e-4
Rubus ulmifolius,Curruca iberiae,CAM,8,7.619e-4
Rubus ulmifolius,Curruca melanocephala,CAM,558,0.05314286
Rubus ulmifolius,Curruca undata,CAM,84,0.008
Rubus ulmifolius,Cyanistes caeruleus,CAM,40,0.00380952
Rubus ulmifolius,Cyanopica cooki,CAM,1,9.524e-5
Rubus ulmifolius,Dama dama,CAM,3,2.8571e-4
Rubus ulmifolius,Emberiza schoeniclus,CAM,2,1.9048e-4
Rubus ulmifolius,Erithacus rubecula,CAM,3,2.8571e-4
Rubus ulmifolius,Ficedula hypoleuca,CAM,18,0.00171429
Rubus ulmifolius,Genetta genetta,CAM,22,0.00209524
Rubus ulmifolius,Hippolais polyglotta,CAM,78,0.00742857
Rubus ulmifolius,Iduna opaca,CAM,1,9.524e-5
Rubus ulmifolius,Iduna pallida,CAM,1,9.524e-5
Rubus ulmifolius,Lanius meridionalis,CAM,1,9.524e-5
Rubus ulmifolius,Luscinia megarhynchos,CAM,7,6.6667e-4
Rubus ulmifolius,Meles meles,CAM,15,0.00142857
Rubus ulmifolius,Parus major,CAM,17,0.00161905
Rubus ulmifolius,Passer domesticus,CAM,4,3.8095e-4
Rubus ulmifolius,Petronia petronia,CAM,2,1.9048e-4
Rubus ulmifolius,Phoenicurus ochruros,CAM,5,4.7619e-4
Rubus ulmifolius,Phoenicurus phoenicurus,CAM,13,0.0012381
Rubus ulmifolius,Rattus rattus,CAM,202,0.0192381
Rubus ulmifolius,Saxicola rubetra,CAM,2,1.9048e-4
Rubus ulmifolius,Saxicola rubicola,CAM,41,0.00390476
Rubus ulmifolius,Sturnus unicolor,CAM,72,0.00685714
Rubus ulmifolius,Sylvia atricapilla,CAM,45,0.00428571
Rubus ulmifolius,Sylvia borin,CAM,3,2.8571e-4
Rubus ulmifolius,Turdus merula,CAM,40,0.00380952
Rubus ulmifolius,Turdus torquatus,CAM,3,2.8571e-4
Rubus ulmifolius,Vulpes vulpes,CAM,5,4.7619e-4
Ruscus aculeatus,Cyanopica cooki,CAM,10,9.5238e-4
Ruscus aculeatus,Rattus rattus,CAM,35,0.00333333
Ruscus aculeatus,Rattus/Apodemus,CAM,4,3.8095e-4
Ruscus aculeatus,Sylvia atricapilla,CAM,1,9.524e-5
Ruscus aculeatus,Turdus merula,CAM,28,0.00266667
Smilax aspera,Apodemus/Mus,CAM,36,0.00342857
Smilax aspera,Bos taurus,CAM,1,9.524e-5
Smilax aspera,Cervus elaphus,CAM,2,1.9048e-4
Smilax aspera,Curruca melanocephala,CAM,17,0.00161905
Smilax aspera,Cyanistes caeruleus,CAM,1,9.524e-5
Smilax aspera,Cyanopica cooki,CAM,10,9.5238e-4
Smilax aspera,Erithacus rubecula,CAM,29,0.0027619
Smilax aspera,Hippolais polyglotta,CAM,1,9.524e-5
Smilax aspera,Rattus rattus,CAM,46,0.00438095
Smilax aspera,Sylvia atricapilla,CAM,3,2.8571e-4
Smilax aspera,Turdus merula,CAM,4,3.8095e-4
Arbutus unedo,Cervus elaphus,BC,1,6.595e-5
Arbutus unedo,Sylvia atricapilla,BC,1,6.595e-5
Asparagus spp,Chloris chloris,BC,6,3.9568e-4
Asparagus spp,Curruca communis,BC,6,3.9568e-4
Asparagus spp,Curruca conspicillata,BC,0.45,2.968e-5
Asparagus spp,Curruca melanocephala,BC,798.821,0.05267905
Asparagus spp,Cyanopica cooki,BC,46,0.00303352
Asparagus spp,Erithacus rubecula,BC,176.636,0.01164844
Asparagus spp,Mus spretus,BC,0.025,1.65e-6
Asparagus spp,Saxicola rubicola,BC,0.007,4.6e-7
Asparagus spp,Sylvia atricapilla,BC,168.861,0.01113571
Asparagus spp,Turdus merula,BC,3,1.9784e-4
Asparagus spp,Turdus philomelos,BC,1,6.595e-5
Corema album,Alectoris rufa,BC,4,2.6378e-4
Corema album,Cervus elaphus,BC,1,6.595e-5
Corema album,Curruca melanocephala,BC,8,5.2757e-4
Corema album,Cyanopica cooki,BC,7,4.6162e-4
Corema album,Sylvia atricapilla,BC,1,6.595e-5
Corema album,Turdus merula,BC,4,2.6378e-4
Crataegus monogyna,Erithacus rubecula,BC,0.659,4.346e-5
Crataegus monogyna,Turdus merula,BC,4.7780000000000005,3.1509e-4
Daphne gnidium,Chloris chloris,BC,6,3.9568e-4
Daphne gnidium,Curruca communis,BC,2.924,1.9283e-4
Daphne gnidium,Curruca melanocephala,BC,44.34300000000002,0.00292424
Daphne gnidium,Cyanopica cooki,BC,1.98,1.3057e-4
Daphne gnidium,Erithacus rubecula,BC,3.318,2.1881e-4
Daphne gnidium,Fringilla coelebs,BC,6,3.9568e-4
Daphne gnidium,Sylvia atricapilla,BC,32.915000000000006,0.00217061
Daphne gnidium,Sylvia borin,BC,3,1.9784e-4
Daphne gnidium,Turdus merula,BC,2.8890000000000002,1.9052e-4
Daphne gnidium,Turdus philomelos,BC,1,6.595e-5
Ficus carica,Columba palumbus,BC,1,6.595e-5
Ficus carica,Curruca melanocephala,BC,1.7389999999999999,1.1468e-4
Ficus carica,Cyanopica cooki,BC,21.58,0.00142311
Ficus carica,Fringilla coelebs,BC,0.158,1.042e-5
Ficus carica,Luscinia megarhynchos,BC,1.037,6.839e-5
Ficus carica,Oriolus oriolus,BC,6.4,4.2205e-4
Ficus carica,Sturnus unicolor,BC,2,1.3189e-4
Ficus carica,Sturnus vulgaris,BC,43.2,0.00284887
Ficus carica,Sturnus vulgaris/unicolor,BC,1,6.595e-5
Ficus carica,Sylvia atricapilla,BC,3.444,2.2712e-4
Ficus carica,Sylvia borin,BC,4.696,3.0968e-4
Ficus carica,Turdus merula,BC,6.223000000000001,4.1038e-4
Frangula alnus,Acrocephalus scirpaceus,BC,0.002,1.3e-7
Frangula alnus,Apodemus sylvaticus,BC,1,6.595e-5
Frangula alnus,Cervus elaphus,BC,2,1.3189e-4
Frangula alnus,Coccothraustes coccothraustes,BC,2,1.3189e-4
Frangula alnus,Columba palumbus,BC,2.6,1.7146e-4
Frangula alnus,Curruca communis,BC,3.9619999999999997,2.6128e-4
Frangula alnus,Curruca conspicillata,BC,1,6.595e-5
Frangula alnus,Curruca hortensis,BC,2,1.3189e-4
Frangula alnus,Curruca melanocephala,BC,73.217,0.00482837
Frangula alnus,Curruca undata,BC,1.383,9.12e-5
Frangula alnus,Cyanistes caeruleus,BC,0.409,2.697e-5
Frangula alnus,Cyanopica cooki,BC,138.94,0.00916254
Frangula alnus,Fringilla coelebs,BC,4.158,2.742e-4
Frangula alnus,Hippolais polyglotta,BC,2,1.3189e-4
Frangula alnus,Luscinia megarhynchos,BC,22,0.00145081
Frangula alnus,Oriolus oriolus,BC,6.7,4.4184e-4
Frangula alnus,Parus major,BC,2,1.3189e-4
Frangula alnus,Passer domesticus,BC,1,6.595e-5
Frangula alnus,Psammodromus algirus,BC,0.1,6.59e-6
Frangula alnus,Saxicola rubicola,BC,12,7.9135e-4
Frangula alnus,Streptopelia decaocto,BC,1,6.595e-5
Frangula alnus,Sturnus unicolor,BC,2,1.3189e-4
Frangula alnus,Sturnus vulgaris,BC,17.8,0.00117384
Frangula alnus,Sturnus vulgaris/unicolor,BC,214.8,0.0141652
Frangula alnus,Sylvia atricapilla,BC,32.471000000000004,0.00214133
Frangula alnus,Sylvia borin,BC,76.64399999999999,0.00505437
Frangula alnus,Tarentola mauritanica,BC,2,1.3189e-4
Frangula alnus,Turdus merula,BC,152.224,0.01003856
Frangula alnus,Turdus viscivorus,BC,1,6.595e-5
Juniperus phoenicea,Alectoris rufa,BC,10,6.5946e-4
Juniperus phoenicea,Apodemus sylvaticus,BC,1,6.595e-5
Juniperus phoenicea,Cervus elaphus,BC,4,2.6378e-4
Juniperus phoenicea,Chloris chloris,BC,117.19,0.00772821
Juniperus phoenicea,Columba palumbus,BC,1.6,1.0551e-4
Juniperus phoenicea,Curruca melanocephala,BC,13.217,8.7161e-4
Juniperus phoenicea,Curruca undata,BC,2.383,1.5715e-4
Juniperus phoenicea,Cyanopica cooki,BC,9,5.9351e-4
Juniperus phoenicea,Erithacus rubecula,BC,378.931,0.02498899
Juniperus phoenicea,Luscinia megarhynchos,BC,1,6.595e-5
Juniperus phoenicea,Mus spretus,BC,1,6.595e-5
Juniperus phoenicea,Oryctolagus cuniculus,BC,11,7.2541e-4
Juniperus phoenicea,Passer domesticus,BC,1,6.595e-5
Juniperus phoenicea,Sylvia atricapilla,BC,33.861,0.002233
Juniperus phoenicea,Turdus iliacus,BC,17,0.00112108
Juniperus phoenicea,Turdus merula,BC,188.889,0.01245647
Juniperus phoenicea,Turdus philomelos,BC,2353.978,0.15523544
Juniperus phoenicea,Turdus torquatus,BC,3,1.9784e-4
Juniperus phoenicea,Turdus viscivorus,BC,1,6.595e-5
Juniperus phoenicea,Vulpes vulpes,BC,39,0.00257189
Lonicera periclymenum,Cervus elaphus,BC,0.175,1.154e-5
Lonicera periclymenum,Chloris chloris,BC,18.19,0.00119956
Lonicera periclymenum,Curruca communis,BC,56.10000000000005,0.00369957
Lonicera periclymenum,Curruca hortensis,BC,3.3000000000000003,2.1762e-4
Lonicera periclymenum,Curruca iberiae,BC,1.366,9.008e-5
Lonicera periclymenum,Curruca melanocephala,BC,54.77399999999996,0.00361213
Lonicera periclymenum,Cyanopica cooki,BC,3.3000000000000003,2.1762e-4
Lonicera periclymenum,Erithacus rubecula,BC,4.295,2.8324e-4
Lonicera periclymenum,Fringilla coelebs,BC,1,6.595e-5
Lonicera periclymenum,Luscinia megarhynchos,BC,0.259,1.708e-5
Lonicera periclymenum,Mus spretus,BC,1.025,6.759e-5
Lonicera periclymenum,Oriolus oriolus,BC,4,2.6378e-4
Lonicera periclymenum,Phoenicurus phoenicurus,BC,8.194000000000003,5.4036e-4
Lonicera periclymenum,Rattus rattus,BC,2.575,1.6981e-4
Lonicera periclymenum,Saxicola rubetra,BC,0.05,3.3e-6
Lonicera periclymenum,Saxicola rubicola,BC,0.028,1.85e-6
Lonicera periclymenum,Sturnus vulgaris,BC,4,2.6378e-4
Lonicera periclymenum,Sylvia atricapilla,BC,6.305,4.1579e-4
Lonicera periclymenum,Sylvia borin,BC,12.392000000000001,8.172e-4
Lonicera periclymenum,Turdus merula,BC,28.11399999999999,0.00185401
Lonicera periclymenum,Turdus philomelos,BC,0.989,6.522e-5
Lonicera periclymenum,Turdus torquatus,BC,0.962,6.344e-5
Myrtus communis,Chloris chloris,BC,8,5.2757e-4
Myrtus communis,Curruca melanocephala,BC,32.041000000000004,0.00211298
Myrtus communis,Cyanopica cooki,BC,13,8.573e-4
Myrtus communis,Erithacus rubecula,BC,141.35599999999994,0.00932186
Myrtus communis,Mus spretus,BC,0.025,1.65e-6
Myrtus communis,Rattus rattus,BC,0.35,2.308e-5
Myrtus communis,Saxicola rubicola,BC,0.007,4.6e-7
Myrtus communis,Sylvia atricapilla,BC,73.38600000000001,0.00483951
Myrtus communis,Sylvia borin,BC,1,6.595e-5
Myrtus communis,Turdus merula,BC,233.447,0.0153949
Myrtus communis,Turdus philomelos,BC,91.73600000000002,0.00604962
Myrtus communis,Turdus torquatus,BC,1,6.595e-5
Olea europaea,Cervus elaphus,BC,3.35,2.2092e-4
Olea europaea,Coccothraustes coccothraustes,BC,3,1.9784e-4
Olea europaea,Columba palumbus,BC,13,8.573e-4
Olea europaea,Curruca hortensis,BC,0.66,4.352e-5
Olea europaea,Curruca melanocephala,BC,6.173,4.0708e-4
Olea europaea,Cyanopica cooki,BC,2,1.3189e-4
Olea europaea,Erithacus rubecula,BC,51.589999999999996,0.00340215
Olea europaea,Fringilla coelebs,BC,1.316,8.678e-5
Olea europaea,Parus major,BC,1,6.595e-5
Olea europaea,Phoenicurus ochruros,BC,3.5,2.3081e-4
Olea europaea,Sturnus unicolor,BC,2,1.3189e-4
Olea europaea,Sturnus vulgaris/unicolor,BC,2,1.3189e-4
Olea europaea,Sylvia atricapilla,BC,74.22,0.00489451
Olea europaea,Turdus merula,BC,16.001,0.0010552
Olea europaea,Turdus philomelos,BC,94.846,0.00625471
Osyris alba,Sylvia atricapilla,BC,1,6.595e-5
Osyris alba,Sylvia borin,BC,1,6.595e-5
Osyris alba,Turdus merula,BC,1,6.595e-5
Osyris lanceolata,Apodemus sylvaticus,BC,1.7,1.1211e-4
Osyris lanceolata,Cervus elaphus,BC,1,6.595e-5
Osyris lanceolata,Chloris chloris,BC,0.595,3.924e-5
Osyris lanceolata,Columba palumbus,BC,0.4,2.638e-5
Osyris lanceolata,Curruca communis,BC,0.962,6.344e-5
Osyris lanceolata,Curruca iberiae,BC,1,6.595e-5
Osyris lanceolata,Curruca melanocephala,BC,7.434,4.9024e-4
Osyris lanceolata,Curruca undata,BC,5.532,3.6481e-4
Osyris lanceolata,Cyanopica cooki,BC,1.32,8.705e-5
Osyris lanceolata,Erithacus rubecula,BC,30.405999999999995,0.00200515
Osyris lanceolata,Phoenicurus phoenicurus,BC,3,1.9784e-4
Osyris lanceolata,Phylloscopus collybita,BC,0.008,5.3e-7
Osyris lanceolata,Psammodromus algirus,BC,1.1,7.254e-5
Osyris lanceolata,Sturnus vulgaris,BC,1,6.595e-5
Osyris lanceolata,Sylvia atricapilla,BC,181.93799999999996,0.01199808
Osyris lanceolata,Turdus merula,BC,4.445,2.9313e-4
Osyris lanceolata,Turdus philomelos,BC,21.824000000000005,0.00143921
Osyris lanceolata,Vulpes vulpes,BC,9.75,6.4297e-4
Phillyrea angustifolia,Apodemus sylvaticus,BC,3.149999999999999,2.0773e-4
Phillyrea angustifolia,Cervus elaphus,BC,1.175,7.749e-5
Phillyrea angustifolia,Chloris chloris,BC,3.19,2.1037e-4
Phillyrea angustifolia,Columba palumbus,BC,0.4,2.638e-5
Phillyrea angustifolia,Curruca communis,BC,43.772,0.00288659
Phillyrea angustifolia,Curruca conspicillata,BC,1.45,9.562e-5
Phillyrea angustifolia,Curruca hortensis,BC,30.66,0.0020219
Phillyrea angustifolia,Curruca iberiae,BC,15.049,9.9242e-4
Phillyrea angustifolia,Curruca melanocephala,BC,117.29900000000002,0.0077354
Phillyrea angustifolia,Curruca undata,BC,4.383,2.8904e-4
Phillyrea angustifolia,Cyanopica cooki,BC,1.6600000000000001,1.0947e-4
Phillyrea angustifolia,Erithacus rubecula,BC,93.44400000000005,0.00616226
Phillyrea angustifolia,Ficedula hypoleuca,BC,0.344,2.269e-5
Phillyrea angustifolia,Fringilla coelebs,BC,0.158,1.042e-5
Phillyrea angustifolia,Luscinia megarhynchos,BC,1,6.595e-5
Phillyrea angustifolia,Mus spretus,BC,0.9000000000000005,5.935e-5
Phillyrea angustifolia,Muscicapa striata,BC,0.588,3.878e-5
Phillyrea angustifolia,Phoenicurus phoenicurus,BC,14.676000000000002,9.6782e-4
Phillyrea angustifolia,Psammodromus algirus,BC,2.1,1.3849e-4
Phillyrea angustifolia,Sturnus unicolor,BC,42,0.00276973
Phillyrea angustifolia,Sturnus vulgaris,BC,34.60000000000001,0.00228173
Phillyrea angustifolia,Sylvia atricapilla,BC,164.9919999999999,0.01088056
Phillyrea angustifolia,Sylvia borin,BC,26.544,0.00175047
Phillyrea angustifolia,Turdus merula,BC,94.44799999999998,0.00622847
Phillyrea angustifolia,Turdus philomelos,BC,10.879000000000001,7.1743e-4
Pistacia lentiscus,Acrocephalus scirpaceus,BC,0.008,5.3e-7
Pistacia lentiscus,Alectoris rufa,BC,6,3.9568e-4
Pistacia lentiscus,Cervus elaphus,BC,2,1.3189e-4
Pistacia lentiscus,Chloris chloris,BC,375.60000000000093,0.02476932
Pistacia lentiscus,Columba palumbus,BC,4.8,3.1654e-4
Pistacia lentiscus,Curruca communis,BC,68.78399999999999,0.00453603
Pistacia lentiscus,Curruca hortensis,BC,30.6,0.00201795
Pistacia lentiscus,Curruca iberiae,BC,17.098,0.00112754
Pistacia lentiscus,Curruca melanocephala,BC,1995.1679999999933,0.13157336
Pistacia lentiscus,Curruca undata,BC,70.72399999999999,0.00466397
Pistacia lentiscus,Cyanopica cooki,BC,66.87999999999994,0.00441047
Pistacia lentiscus,Dama dama,BC,1,6.595e-5
Pistacia lentiscus,Erithacus rubecula,BC,2435.75299999999,0.16062818
Pistacia lentiscus,Ficedula hypoleuca,BC,26.376,0.00173939
Pistacia lentiscus,Fringilla coelebs,BC,5.948,3.9225e-4
Pistacia lentiscus,Hippolais polyglotta,BC,0.048,3.17e-6
Pistacia lentiscus,Luscinia megarhynchos,BC,8.036,5.2994e-4
Pistacia lentiscus,Mus spretus,BC,31.5,0.0020773
Pistacia lentiscus,Muscicapa striata,BC,7.294,4.8101e-4
Pistacia lentiscus,Phoenicurus phoenicurus,BC,142.73999999999995,0.00941313
Pistacia lentiscus,Psammodromus algirus,BC,2.4,1.5827e-4
Pistacia lentiscus,Pyrrhula pyrrhula,BC,2,1.3189e-4
Pistacia lentiscus,Rattus rattus,BC,1,6.595e-5
Pistacia lentiscus,Saxicola rubicola,BC,26.14,0.00172383
Pistacia lentiscus,Sturnus unicolor,BC,114.80000000000001,0.0075706
Pistacia lentiscus,Sturnus vulgaris,BC,11,7.2541e-4
Pistacia lentiscus,Sylvia atricapilla,BC,231.43200000000007,0.01526202
Pistacia lentiscus,Sylvia borin,BC,18.696,0.00123293
Pistacia lentiscus,Turdus merula,BC,409.232,0.02698722
Pistacia lentiscus,Turdus philomelos,BC,41.604000000000006,0.00274362
Rhamnus lycioides,Columba palumbus,BC,1,6.595e-5
Rhamnus lycioides,Curruca conspicillata,BC,5,3.2973e-4
Rhamnus lycioides,Curruca melanocephala,BC,259.17,0.01709123
Rhamnus lycioides,Curruca undata,BC,0.383,2.526e-5
Rhamnus lycioides,Cyanopica cooki,BC,40.8,0.0026906
Rhamnus lycioides,Eliomys quercinus,BC,3,1.9784e-4
Rhamnus lycioides,Luscinia megarhynchos,BC,0.074,4.88e-6
Rhamnus lycioides,Saxicola rubicola,BC,1,6.595e-5
Rhamnus lycioides,Sturnus vulgaris/unicolor,BC,4.2,2.7697e-4
Rhamnus lycioides,Sylvia atricapilla,BC,3.722,2.4545e-4
Rhamnus lycioides,Sylvia borin,BC,9.24,6.0934e-4
Rhamnus lycioides,Turdus merula,BC,11.556000000000001,7.6207e-4
Rhamnus lycioides,Turdus torquatus,BC,3,1.9784e-4
Rubia peregrina,Chloris chloris,BC,2,1.3189e-4
Rubia peregrina,Curruca communis,BC,13,8.573e-4
Rubia peregrina,Curruca hortensis,BC,3,1.9784e-4
Rubia peregrina,Curruca iberiae,BC,2,1.3189e-4
Rubia peregrina,Curruca melanocephala,BC,151,0.00995785
Rubia peregrina,Cyanopica cooki,BC,10,6.5946e-4
Rubia peregrina,Erithacus rubecula,BC,27,0.00178054
Rubia peregrina,Mus spretus,BC,4,2.6378e-4
Rubia peregrina,Sylvia atricapilla,BC,81,0.00534163
Rubia peregrina,Sylvia borin,BC,6,3.9568e-4
Rubia peregrina,Turdus merula,BC,12,7.9135e-4
Rubia peregrina,Turdus philomelos,BC,1,6.595e-5
Rubus ulmifolius,Alectoris rufa,BC,4,2.6378e-4
Rubus ulmifolius,Apodemus sylvaticus,BC,2.9250000000000003,1.9289e-4
Rubus ulmifolius,Arvicola sapidus,BC,0.012000000000000004,7.9e-7
Rubus ulmifolius,Cervus elaphus,BC,1.175,7.749e-5
Rubus ulmifolius,Chloris chloris,BC,1,6.595e-5
Rubus ulmifolius,Columba palumbus,BC,1,6.595e-5
Rubus ulmifolius,Curruca communis,BC,70.544,0.00465209
Rubus ulmifolius,Curruca hortensis,BC,3,1.9784e-4
Rubus ulmifolius,Curruca melanocephala,BC,63.56000000000002,0.00419153
Rubus ulmifolius,Curruca undata,BC,2.383,1.5715e-4
Rubus ulmifolius,Cyanistes caeruleus,BC,1,6.595e-5
Rubus ulmifolius,Cyanopica cooki,BC,21,0.00138487
Rubus ulmifolius,Erithacus rubecula,BC,7.589999999999999,5.0053e-4
Rubus ulmifolius,Hippolais polyglotta,BC,0.008,5.3e-7
Rubus ulmifolius,Locustella naevia,BC,0.001,7e-8
Rubus ulmifolius,Luscinia megarhynchos,BC,13.111,8.6462e-4
Rubus ulmifolius,Mus spretus,BC,2.5,1.6487e-4
Rubus ulmifolius,Muscicapa striata,BC,0.147,9.69e-6
Rubus ulmifolius,Parus major,BC,2,1.3189e-4
Rubus ulmifolius,Passer hispaniolensis,BC,0.05,3.3e-6
Rubus ulmifolius,Phoenicurus phoenicurus,BC,1.482,9.773e-5
Rubus ulmifolius,Phylloscopus trochilus,BC,0.01,6.6e-7
Rubus ulmifolius,Psammodromus algirus,BC,2,1.3189e-4
Rubus ulmifolius,Rattus rattus,BC,4.175,2.7532e-4
Rubus ulmifolius,Saxicola rubicola,BC,3.14,2.0707e-4
Rubus ulmifolius,Sturnus unicolor,BC,32,0.00211027
Rubus ulmifolius,Sturnus vulgaris,BC,12,7.9135e-4
Rubus ulmifolius,Sylvia atricapilla,BC,7.7219999999999995,5.0924e-4
Rubus ulmifolius,Sylvia borin,BC,8.848,5.8349e-4
Rubus ulmifolius,Turdus merula,BC,37.556,0.00247667
Rubus ulmifolius,Turdus torquatus,BC,0.962,6.344e-5
Ruscus aculeatus,Turdus merula,BC,2,1.3189e-4
Smilax aspera,Cervus elaphus,BC,2,1.3189e-4
Smilax aspera,Chloris chloris,BC,3,1.9784e-4
Smilax aspera,Curruca melanocephala,BC,3,1.9784e-4
Smilax aspera,Cyanopica cooki,BC,33,0.00217622
Smilax aspera,Erithacus rubecula,BC,29,0.00191243
Smilax aspera,Phoenicurus phoenicurus,BC,2,1.3189e-4
Smilax aspera,Saxicola rubicola,BC,2,1.3189e-4
Smilax aspera,Sturnus unicolor,BC,4,2.6378e-4
Smilax aspera,Sturnus vulgaris,BC,4,2.6378e-4
Smilax aspera,Sturnus vulgaris/unicolor,BC,1,6.595e-5
Smilax aspera,Sylvia atricapilla,BC,128,0.00844109
Smilax aspera,Sylvia borin,BC,11,7.2541e-4
Smilax aspera,Turdus merula,BC,126,0.0083092
Smilax aspera,Turdus philomelos,BC,19,0.00125297
Vitis vinifera,Curruca communis,BC,2,1.3189e-4
Vitis vinifera,Curruca hortensis,BC,1,6.595e-5
Vitis vinifera,Curruca melanocephala,BC,3,1.9784e-4
Vitis vinifera,Cyanistes caeruleus,BC,2,1.3189e-4
Vitis vinifera,Cyanopica cooki,BC,10,6.5946e-4
Vitis vinifera,Ficedula hypoleuca,BC,2,1.3189e-4
Vitis vinifera,Fringilla coelebs,BC,1,6.595e-5
Vitis vinifera,Mus spretus,BC,1,6.595e-5
Vitis vinifera,Oriolus oriolus,BC,6,3.9568e-4
Vitis vinifera,Sturnus vulgaris,BC,17,0.00112108
Vitis vinifera,Sturnus vulgaris/unicolor,BC,67,0.00441838
Vitis vinifera,Sylvia atricapilla,BC,37,0.00244
Vitis vinifera,Sylvia borin,BC,34,0.00224216
Vitis vinifera,Turdus merula,BC,27,0.00178054
Asparagus acutifolius,Curruca melanocephala,MIST-NET,2.8,7.5349e-4
Asparagus acutifolius,Erithacus rubecula,MIST-NET,1.3,3.4983e-4
Asparagus acutifolius,Sylvia atricapilla,MIST-NET,14.5,0.00390201
Asparagus acutifolius,Sylvia borin,MIST-NET,0.3,8.074e-5
Asparagus acutifolius,Turdus merula,MIST-NET,0.05,1.345e-5
Asparagus spp,Curruca melanocephala,MIST-NET,4,0.00437091
Asparagus spp,Sylvia atricapilla,MIST-NET,3,0.00327818
Asparagus spp,Sylvia borin,MIST-NET,1,0.00109273
Corema album,Curruca melanocephala,MIST-NET,2,0.00218545
Crataegus monogyna,Sylvia atricapilla,MIST-NET,1.8,6.54e-4
Crataegus monogyna,Turdus merula,MIST-NET,0.9,2.422e-4
Crataegus monogyna,Turdus philomelos,MIST-NET,2.1,5.6512e-4
Daphne gnidium,Curruca communis,MIST-NET,1.1,2.9601e-4
Daphne gnidium,Curruca iberiae,MIST-NET,2.5,6.7276e-4
Daphne gnidium,Curruca melanocephala,MIST-NET,13.85,0.00268717
Daphne gnidium,Erithacus rubecula,MIST-NET,0.5,1.3455e-4
Daphne gnidium,Phoenicurus phoenicurus,MIST-NET,0.05,1.345e-5
Daphne gnidium,Phylloscopus trochilus,MIST-NET,0.05,1.345e-5
Daphne gnidium,Sylvia atricapilla,MIST-NET,79.6,0.01276939
Daphne gnidium,Sylvia borin,MIST-NET,51.9,0.0139665
Daphne gnidium,Turdus merula,MIST-NET,2,5.3821e-4
Dioscorea communis,Curruca melanocephala,MIST-NET,0.15,4.036e-5
Dioscorea communis,Cyanopica cooki,MIST-NET,3,8.0731e-4
Dioscorea communis,Sylvia borin,MIST-NET,2,5.3821e-4
Dioscorea communis,Turdus merula,MIST-NET,7,0.00188373
Lonicera periclymenum,Curruca melanocephala,MIST-NET,0.7,1.8837e-4
Lonicera periclymenum,Ficedula hypoleuca,MIST-NET,0.2,5.382e-5
Lonicera periclymenum,Sylvia atricapilla,MIST-NET,1.5,4.0366e-4
Lonicera periclymenum,Sylvia borin,MIST-NET,2.3,6.1894e-4
Lonicera periclymenum,Turdus merula,MIST-NET,1.05,2.8256e-4
Myrtus communis,Curruca iberiae,MIST-NET,0.05,1.345e-5
Myrtus communis,Curruca melanocephala,MIST-NET,4,0.00136183
Myrtus communis,Curruca undata,MIST-NET,0.3,8.074e-5
Myrtus communis,Cyanopica cooki,MIST-NET,2.6,0.00117346
Myrtus communis,Erithacus rubecula,MIST-NET,27.4,0.00409854
Myrtus communis,Sylvia atricapilla,MIST-NET,44.6,0.01423723
Myrtus communis,Sylvia borin,MIST-NET,1,0.00109273
Myrtus communis,Turdus merula,MIST-NET,7.1,0.00177894
Myrtus communis,Turdus philomelos,MIST-NET,3.8,0.0010226
Olea europaea,Curruca melanocephala,MIST-NET,3.7,9.0965e-4
Olea europaea,Cyanistes caeruleus,MIST-NET,1.1,2.9601e-4
Olea europaea,Erithacus rubecula,MIST-NET,32.25,0.00475111
Olea europaea,Phylloscopus collybita,MIST-NET,0.15,4.036e-5
Olea europaea,Sylvia atricapilla,MIST-NET,157.65,0.0282129
Olea europaea,Sylvia borin,MIST-NET,0.75,2.0182e-4
Olea europaea,Turdus iliacus,MIST-NET,0.7,1.8837e-4
Olea europaea,Turdus merula,MIST-NET,30.05,0.00808657
Olea europaea,Turdus philomelos,MIST-NET,19.7,0.00530135
Osyris alba,Curruca melanocephala,MIST-NET,0.4,1.0764e-4
Osyris alba,Sylvia atricapilla,MIST-NET,0.6,1.6146e-4
Osyris alba,Sylvia borin,MIST-NET,1.2,3.2292e-4
Phillyrea angustifolia,Curruca communis,MIST-NET,6.5,0.0012864
Phillyrea angustifolia,Curruca hortensis,MIST-NET,3,8.0731e-4
Phillyrea angustifolia,Curruca iberiae,MIST-NET,4.4,0.00100384
Phillyrea angustifolia,Curruca melanocephala,MIST-NET,29,0.00966736
Phillyrea angustifolia,Cyanopica cooki,MIST-NET,1,0.00109273
Phillyrea angustifolia,Erithacus rubecula,MIST-NET,2.2,0.00111964
Phillyrea angustifolia,Ficedula hypoleuca,MIST-NET,0.7,1.8837e-4
Phillyrea angustifolia,Phoenicurus phoenicurus,MIST-NET,1,0.00109273
Phillyrea angustifolia,Phylloscopus collybita,MIST-NET,0.1,2.691e-5
Phillyrea angustifolia,Sylvia atricapilla,MIST-NET,232.7,0.09061099
Phillyrea angustifolia,Sylvia borin,MIST-NET,120,0.01944072
Phillyrea angustifolia,Turdus merula,MIST-NET,38.75,0.00603751
Phillyrea angustifolia,Turdus philomelos,MIST-NET,0.2,5.382e-5
Pistacia lentiscus,Curruca communis,MIST-NET,19.05,0.00338684
Pistacia lentiscus,Curruca hortensis,MIST-NET,8.75,0.00235466
Pistacia lentiscus,Curruca iberiae,MIST-NET,22.6,0.0038645
Pistacia lentiscus,Curruca melanocephala,MIST-NET,414.7,0.11015773
Pistacia lentiscus,Curruca undata,MIST-NET,13.2,0.0021879
Pistacia lentiscus,Cyanistes caeruleus,MIST-NET,1.05,2.8256e-4
Pistacia lentiscus,Cyanopica cooki,MIST-NET,14,0.00270735
Pistacia lentiscus,Erithacus rubecula,MIST-NET,336.8,0.05396513
Pistacia lentiscus,Ficedula hypoleuca,MIST-NET,40.9,0.01100635
Pistacia lentiscus,Luscinia megarhynchos,MIST-NET,4.95,0.00133206
Pistacia lentiscus,Muscicapa striata,MIST-NET,10.8,0.00290633
Pistacia lentiscus,Parus major,MIST-NET,1,2.6911e-4
Pistacia lentiscus,Phoenicurus ochruros,MIST-NET,3,8.0731e-4
Pistacia lentiscus,Phoenicurus phoenicurus,MIST-NET,10,0.00175733
Pistacia lentiscus,Phylloscopus collybita,MIST-NET,0.2,5.382e-5
Pistacia lentiscus,Regulus ignicapilla,MIST-NET,0.05,1.345e-5
Pistacia lentiscus,Saxicola rubicola,MIST-NET,0.05,1.345e-5
Pistacia lentiscus,Sylvia atricapilla,MIST-NET,1589.6,0.33783885
Pistacia lentiscus,Sylvia borin,MIST-NET,366.5,0.05672589
Pistacia lentiscus,Turdus merula,MIST-NET,115.5,0.01636437
Pistacia lentiscus,Turdus philomelos,MIST-NET,13.5,0.0036329
Pyrus bourgaeana,Sylvia atricapilla,MIST-NET,0.8,2.1528e-4
Rhamnus lycioides,Aegithalos caudatus,MIST-NET,1,0.00109273
Rhamnus lycioides,Curruca communis,MIST-NET,5.2,0.00111148
Rhamnus lycioides,Curruca iberiae,MIST-NET,2.5,6.7276e-4
Rhamnus lycioides,Curruca melanocephala,MIST-NET,75.75,0.02089939
Rhamnus lycioides,Cyanopica cooki,MIST-NET,1,0.00109273
Rhamnus lycioides,Erithacus rubecula,MIST-NET,3.1,8.3423e-4
Rhamnus lycioides,Ficedula hypoleuca,MIST-NET,1.6,4.3057e-4
Rhamnus lycioides,Luscinia megarhynchos,MIST-NET,0.65,1.7492e-4
Rhamnus lycioides,Muscicapa striata,MIST-NET,1.05,2.8256e-4
Rhamnus lycioides,Phoenicurus phoenicurus,MIST-NET,0.5,1.3455e-4
Rhamnus lycioides,Sylvia atricapilla,MIST-NET,24.6,0.00454541
Rhamnus lycioides,Sylvia borin,MIST-NET,86.7,0.01248928
Rhamnus lycioides,Turdus merula,MIST-NET,6.75,0.00132004
Rubia peregrina,Curruca melanocephala,MIST-NET,2,0.00218545
Rubia peregrina,Sylvia atricapilla,MIST-NET,59.2,0.02526153
Rubia peregrina,Sylvia borin,MIST-NET,36.05,0.00814509
Rubia peregrina,Turdus merula,MIST-NET,0.05,1.345e-5
Rubus ulmifolius,Curruca communis,MIST-NET,0.7,1.8837e-4
Rubus ulmifolius,Curruca conspicillata,MIST-NET,0.05,1.345e-5
Rubus ulmifolius,Curruca hortensis,MIST-NET,0.4,1.0764e-4
Rubus ulmifolius,Curruca iberiae,MIST-NET,0.9,2.422e-4
Rubus ulmifolius,Curruca melanocephala,MIST-NET,10.45,0.0026415
Rubus ulmifolius,Cyanopica cooki,MIST-NET,0.3,8.074e-5
Rubus ulmifolius,Erithacus rubecula,MIST-NET,0.5,1.3455e-4
Rubus ulmifolius,Luscinia megarhynchos,MIST-NET,0.2,5.382e-5
Rubus ulmifolius,Muscicapa striata,MIST-NET,0.2,5.382e-5
Rubus ulmifolius,Phoenicurus phoenicurus,MIST-NET,2.4,6.4585e-4
Rubus ulmifolius,Phylloscopus trochilus,MIST-NET,0.1,2.691e-5
Rubus ulmifolius,Sylvia atricapilla,MIST-NET,24.6,0.01072257
Rubus ulmifolius,Sylvia borin,MIST-NET,26.4,0.00890571
Rubus ulmifolius,Turdus merula,MIST-NET,10.4,0.00181115
Smilax aspera,Curruca hortensis,MIST-NET,0.05,1.345e-5
Smilax aspera,Curruca melanocephala,MIST-NET,2.05,5.5167e-4
Smilax aspera,Erithacus rubecula,MIST-NET,0.8,2.1528e-4
Smilax aspera,Ficedula hypoleuca,MIST-NET,0.1,2.691e-5
Smilax aspera,Sylvia atricapilla,MIST-NET,37.9,0.01457117
Smilax aspera,Sylvia borin,MIST-NET,12.7,0.00253243
Smilax aspera,Turdus merula,MIST-NET,1.1,2.9601e-4
Solanum nigrum,Curruca melanocephala,MIST-NET,1,0.00109273
Solanum nigrum,Sylvia atricapilla,MIST-NET,3,0.00327818
Asparagus acutifolius,Curruca melanocephala,OBS,1,2.4699e-4
Asparagus acutifolius,Sylvia atricapilla,OBS,2,4.9398e-4
Corema album,Turdus merula,OBS,1,0.00114268
Crataegus monogyna,Cyanopica cooki,OBS,8,0.00197592
Crataegus monogyna,Sylvia atricapilla,OBS,1,2.4699e-4
Crataegus monogyna,Turdus merula,OBS,5,0.00123495
Crataegus monogyna,Turdus philomelos,OBS,3,7.4097e-4
Daphne gnidium,Curruca melanocephala,OBS,4,9.8796e-4
Daphne gnidium,Parus major,OBS,1,2.4699e-4
Daphne gnidium,Sylvia atricapilla,OBS,1,2.4699e-4
Daphne gnidium,Sylvia borin,OBS,3,7.4097e-4
Juniperus phoenicea,Turdus iliacus,OBS,77,0.08798638
Juniperus phoenicea,Turdus merula,OBS,68,0.07770226
Juniperus phoenicea,Turdus philomelos,OBS,267,0.30509564
Juniperus phoenicea,Turdus pilaris,OBS,2,0.00228536
Juniperus phoenicea,Turdus torquatus,OBS,1,0.00114268
Juniperus phoenicea,Turdus viscivorus,OBS,5,0.0057134
Lonicera periclymenum,Turdus merula,OBS,2,4.9398e-4
Myrtus communis,Cyanopica cooki,OBS,14,0.00345786
Myrtus communis,Sylvia atricapilla,OBS,21,0.00518679
Myrtus communis,Turdus merula,OBS,4,9.8796e-4
Myrtus communis,Turdus philomelos,OBS,5,0.00123495
Olea europaea,Alectoris rufa,OBS,2,4.9398e-4
Olea europaea,Chloris chloris,OBS,23,0.00568077
Olea europaea,Coccothraustes coccothraustes,OBS,3,7.4097e-4
Olea europaea,Columba palumbus,OBS,18,0.00444582
Olea europaea,Coloeus monedula,OBS,3,7.4097e-4
Olea europaea,Curruca melanocephala,OBS,1,2.4699e-4
Olea europaea,Cyanopica cooki,OBS,42,0.01037358
Olea europaea,Erithacus rubecula,OBS,2,4.9398e-4
Olea europaea,Fringilla coelebs,OBS,3,7.4097e-4
Olea europaea,Sturnus unicolor,OBS,5,0.00123495
Olea europaea,Sylvia atricapilla,OBS,107,0.02642793
Olea europaea,Turdus iliacus,OBS,14,0.00345786
Olea europaea,Turdus merula,OBS,53,0.01309047
Olea europaea,Turdus philomelos,OBS,96,0.02371104
Olea europaea,Turdus viscivorus,OBS,1,2.4699e-4
Osyris alba,Turdus merula,OBS,5,0.00123495
Osyris lanceolata,Turdus iliacus,OBS,1,0.00114268
Osyris lanceolata,Turdus merula,OBS,3,0.00342804
Osyris lanceolata,Turdus philomelos,OBS,10,0.0114268
Phillyrea angustifolia,Curruca communis,OBS,1,2.4699e-4
Phillyrea angustifolia,Curruca melanocephala,OBS,7,0.00172893
Phillyrea angustifolia,Saxicola rubetra,OBS,1,2.4699e-4
Phillyrea angustifolia,Sylvia borin,OBS,2,4.9398e-4
Phillyrea angustifolia,Turdus merula,OBS,6,0.0020845
Pistacia lentiscus,Alectoris rufa,OBS,6,0.00148194
Pistacia lentiscus,Chloris chloris,OBS,224,0.05532576
Pistacia lentiscus,Columba palumbus,OBS,35,0.00864465
Pistacia lentiscus,Curruca communis,OBS,4,9.8796e-4
Pistacia lentiscus,Curruca iberiae,OBS,1,2.4699e-4
Pistacia lentiscus,Curruca melanocephala,OBS,168,0.04149432
Pistacia lentiscus,Cyanopica cooki,OBS,137,0.03383763
Pistacia lentiscus,Emberiza calandra,OBS,21,0.00518679
Pistacia lentiscus,Erithacus rubecula,OBS,117,0.02889783
Pistacia lentiscus,Ficedula hypoleuca,OBS,2,4.9398e-4
Pistacia lentiscus,Fringilla coelebs,OBS,32,0.00790368
Pistacia lentiscus,Muscicapa striata,OBS,1,2.4699e-4
Pistacia lentiscus,Parus major,OBS,2,4.9398e-4
Pistacia lentiscus,Passer domesticus,OBS,15,0.00370485
Pistacia lentiscus,Phoenicurus ochruros,OBS,5,0.00123495
Pistacia lentiscus,Phoenicurus phoenicurus,OBS,8,0.00197592
Pistacia lentiscus,Phylloscopus collybita,OBS,2,4.9398e-4
Pistacia lentiscus,Saxicola rubetra,OBS,2,4.9398e-4
Pistacia lentiscus,Saxicola rubicola,OBS,3,7.4097e-4
Pistacia lentiscus,Sturnus unicolor,OBS,47,0.01160853
Pistacia lentiscus,Sturnus vulgaris,OBS,16,0.00395184
Pistacia lentiscus,Sylvia atricapilla,OBS,313,0.07730787
Pistacia lentiscus,Sylvia borin,OBS,25,0.00617475
Pistacia lentiscus,Turdus iliacus,OBS,13,0.0032108699999999998
Pistacia lentiscus,Turdus merula,OBS,87,0.02148813
Pistacia lentiscus,Turdus philomelos,OBS,113,0.02790987
Pyrus bourgaeana,Corvus corax,OBS,2,4.9398e-4
Pyrus bourgaeana,Coloeus monedula,OBS,2,4.9398e-4
Pyrus bourgaeana,Cyanopica cooki,OBS,65,0.01605435
Pyrus bourgaeana,Sylvia atricapilla,OBS,2,4.9398e-4
Pyrus bourgaeana,Turdus merula,OBS,4,9.8796e-4
Rhamnus lycioides,Curruca communis,OBS,2,4.9398e-4
Rhamnus lycioides,Curruca iberiae,OBS,1,2.4699e-4
Rhamnus lycioides,Curruca melanocephala,OBS,4,9.8796e-4
Rhamnus lycioides,Cyanopica cooki,OBS,9,0.00222291
Rhamnus lycioides,Turdus merula,OBS,6,0.00118881
Rubia peregrina,Curruca melanocephala,OBS,2,4.9398e-4
Rubia peregrina,Sylvia atricapilla,OBS,1,2.4699e-4
Rubus ulmifolius,Curruca communis,OBS,2,4.9398e-4
Rubus ulmifolius,Curruca iberiae,OBS,4,9.8796e-4
Rubus ulmifolius,Curruca melanocephala,OBS,2,4.9398e-4
Rubus ulmifolius,Cyanopica cooki,OBS,8,0.00197592
Rubus ulmifolius,Sylvia borin,OBS,18,0.00444582
Rubus ulmifolius,Turdus merula,OBS,25,0.00617475
Smilax aspera,Sylvia atricapilla,OBS,5,0.00123495
Smilax aspera,Turdus merula,OBS,2,4.9398e-4
